symbol,name,hgnc_id,phase,family,role,tier,reference_ids,references,hgnc_url,entrez_id,ensembl_gene_id,uniprot_ids,location,locus_group,locus_type,gene_group,gene_group_id,rule_note,source_url,source_downloaded_at
ADH1A,"alcohol dehydrogenase 1A (class I), alpha polypeptide",HGNC:249,Phase I,Alcohol dehydrogenases,alcohol oxidation; ethanol to acetaldehyde pathway,core,HGNC;BRENDA;CLINPGX,HGNC gene symbols and gene-family membership (https://www.genenames.org/download/; doi:10.1093/nar/gku1071) | BRENDA enzyme functional and reaction data (https://www.brenda-enzymes.org/; doi:10.1093/nar/gkaf1113) | ClinPGx/PharmGKB pharmacogenomic annotations (https://api.pharmgkb.org/; doi:10.1002/cpz1.226),https://www.genenames.org/data/gene-symbol-report/#!/hgnc_id/HGNC:249,124,ENSG00000187758,P07327,4q23,protein-coding gene,gene with protein product,Alcohol dehydrogenases,397,,https://storage.googleapis.com/public-download-files/hgnc/tsv/tsv/hgnc_complete_set.txt,2026-04-29T11:48:39.621213+00:00
ADH1B,"alcohol dehydrogenase 1B (class I), beta polypeptide",HGNC:250,Phase I,Alcohol dehydrogenases,alcohol oxidation; ethanol to acetaldehyde pathway,core,HGNC;BRENDA;CLINPGX,HGNC gene symbols and gene-family membership (https://www.genenames.org/download/; doi:10.1093/nar/gku1071) | BRENDA enzyme functional and reaction data (https://www.brenda-enzymes.org/; doi:10.1093/nar/gkaf1113) | ClinPGx/PharmGKB pharmacogenomic annotations (https://api.pharmgkb.org/; doi:10.1002/cpz1.226),https://www.genenames.org/data/gene-symbol-report/#!/hgnc_id/HGNC:250,125,ENSG00000196616,P00325,4q23,protein-coding gene,gene with protein product,Alcohol dehydrogenases,397,,https://storage.googleapis.com/public-download-files/hgnc/tsv/tsv/hgnc_complete_set.txt,2026-04-29T11:48:39.621213+00:00
ADH1C,"alcohol dehydrogenase 1C (class I), gamma polypeptide",HGNC:251,Phase I,Alcohol dehydrogenases,alcohol oxidation; ethanol to acetaldehyde pathway,core,HGNC;BRENDA;CLINPGX,HGNC gene symbols and gene-family membership (https://www.genenames.org/download/; doi:10.1093/nar/gku1071) | BRENDA enzyme functional and reaction data (https://www.brenda-enzymes.org/; doi:10.1093/nar/gkaf1113) | ClinPGx/PharmGKB pharmacogenomic annotations (https://api.pharmgkb.org/; doi:10.1002/cpz1.226),https://www.genenames.org/data/gene-symbol-report/#!/hgnc_id/HGNC:251,126,ENSG00000248144,P00326,4q23,protein-coding gene,gene with protein product,Alcohol dehydrogenases,397,,https://storage.googleapis.com/public-download-files/hgnc/tsv/tsv/hgnc_complete_set.txt,2026-04-29T11:48:39.621213+00:00
ADH4,"alcohol dehydrogenase 4 (class II), pi polypeptide",HGNC:252,Phase I,Alcohol dehydrogenases,alcohol oxidation; ethanol to acetaldehyde pathway,core,HGNC;BRENDA;CLINPGX,HGNC gene symbols and gene-family membership (https://www.genenames.org/download/; doi:10.1093/nar/gku1071) | BRENDA enzyme functional and reaction data (https://www.brenda-enzymes.org/; doi:10.1093/nar/gkaf1113) | ClinPGx/PharmGKB pharmacogenomic annotations (https://api.pharmgkb.org/; doi:10.1002/cpz1.226),https://www.genenames.org/data/gene-symbol-report/#!/hgnc_id/HGNC:252,127,ENSG00000198099,P08319,4q23,protein-coding gene,gene with protein product,Alcohol dehydrogenases,397,,https://storage.googleapis.com/public-download-files/hgnc/tsv/tsv/hgnc_complete_set.txt,2026-04-29T11:48:39.621213+00:00
ADH5,"alcohol dehydrogenase 5 (class III), chi polypeptide",HGNC:253,Phase I,Alcohol dehydrogenases,alcohol oxidation; ethanol to acetaldehyde pathway,core,HGNC;BRENDA;CLINPGX,HGNC gene symbols and gene-family membership (https://www.genenames.org/download/; doi:10.1093/nar/gku1071) | BRENDA enzyme functional and reaction data (https://www.brenda-enzymes.org/; doi:10.1093/nar/gkaf1113) | ClinPGx/PharmGKB pharmacogenomic annotations (https://api.pharmgkb.org/; doi:10.1002/cpz1.226),https://www.genenames.org/data/gene-symbol-report/#!/hgnc_id/HGNC:253,128,ENSG00000197894,P11766,4q23,protein-coding gene,gene with protein product,Alcohol dehydrogenases,397,,https://storage.googleapis.com/public-download-files/hgnc/tsv/tsv/hgnc_complete_set.txt,2026-04-29T11:48:39.621213+00:00
ADH6,alcohol dehydrogenase 6 (class V),HGNC:255,Phase I,Alcohol dehydrogenases,alcohol oxidation; ethanol to acetaldehyde pathway,core,HGNC;BRENDA;CLINPGX,HGNC gene symbols and gene-family membership (https://www.genenames.org/download/; doi:10.1093/nar/gku1071) | BRENDA enzyme functional and reaction data (https://www.brenda-enzymes.org/; doi:10.1093/nar/gkaf1113) | ClinPGx/PharmGKB pharmacogenomic annotations (https://api.pharmgkb.org/; doi:10.1002/cpz1.226),https://www.genenames.org/data/gene-symbol-report/#!/hgnc_id/HGNC:255,130,ENSG00000172955,P28332,4q23,protein-coding gene,gene with protein product,Alcohol dehydrogenases,397,,https://storage.googleapis.com/public-download-files/hgnc/tsv/tsv/hgnc_complete_set.txt,2026-04-29T11:48:39.621213+00:00
ADH7,"alcohol dehydrogenase 7 (class IV), mu or sigma polypeptide",HGNC:256,Phase I,Alcohol dehydrogenases,alcohol oxidation; ethanol to acetaldehyde pathway,core,HGNC;BRENDA;CLINPGX,HGNC gene symbols and gene-family membership (https://www.genenames.org/download/; doi:10.1093/nar/gku1071) | BRENDA enzyme functional and reaction data (https://www.brenda-enzymes.org/; doi:10.1093/nar/gkaf1113) | ClinPGx/PharmGKB pharmacogenomic annotations (https://api.pharmgkb.org/; doi:10.1002/cpz1.226),https://www.genenames.org/data/gene-symbol-report/#!/hgnc_id/HGNC:256,131,ENSG00000196344,P40394,4q23,protein-coding gene,gene with protein product,Alcohol dehydrogenases,397,,https://storage.googleapis.com/public-download-files/hgnc/tsv/tsv/hgnc_complete_set.txt,2026-04-29T11:48:39.621213+00:00
ADHFE1,alcohol dehydrogenase iron containing 1,HGNC:16354,Phase I,Alcohol dehydrogenases,alcohol oxidation; ethanol to acetaldehyde pathway,core,HGNC;BRENDA;CLINPGX,HGNC gene symbols and gene-family membership (https://www.genenames.org/download/; doi:10.1093/nar/gku1071) | BRENDA enzyme functional and reaction data (https://www.brenda-enzymes.org/; doi:10.1093/nar/gkaf1113) | ClinPGx/PharmGKB pharmacogenomic annotations (https://api.pharmgkb.org/; doi:10.1002/cpz1.226),https://www.genenames.org/data/gene-symbol-report/#!/hgnc_id/HGNC:16354,137872,ENSG00000147576,Q8IWW8,8q13.1,protein-coding gene,gene with protein product,Alcohol dehydrogenases,397,,https://storage.googleapis.com/public-download-files/hgnc/tsv/tsv/hgnc_complete_set.txt,2026-04-29T11:48:39.621213+00:00
ALDH16A1,aldehyde dehydrogenase 16 family member A1,HGNC:28114,Phase I,Aldehyde dehydrogenases,aldehyde oxidation; acetaldehyde clearance and reactive aldehyde detoxication,core,HGNC;BRENDA;CLINPGX,HGNC gene symbols and gene-family membership (https://www.genenames.org/download/; doi:10.1093/nar/gku1071) | BRENDA enzyme functional and reaction data (https://www.brenda-enzymes.org/; doi:10.1093/nar/gkaf1113) | ClinPGx/PharmGKB pharmacogenomic annotations (https://api.pharmgkb.org/; doi:10.1002/cpz1.226),https://www.genenames.org/data/gene-symbol-report/#!/hgnc_id/HGNC:28114,126133,ENSG00000161618,Q8IZ83,19q13.33,protein-coding gene,gene with protein product,Aldehyde dehydrogenases,398,,https://storage.googleapis.com/public-download-files/hgnc/tsv/tsv/hgnc_complete_set.txt,2026-04-29T11:48:39.621213+00:00
ALDH18A1,aldehyde dehydrogenase 18 family member A1,HGNC:9722,Phase I,Aldehyde dehydrogenases,aldehyde oxidation; acetaldehyde clearance and reactive aldehyde detoxication,core,HGNC;BRENDA;CLINPGX,HGNC gene symbols and gene-family membership (https://www.genenames.org/download/; doi:10.1093/nar/gku1071) | BRENDA enzyme functional and reaction data (https://www.brenda-enzymes.org/; doi:10.1093/nar/gkaf1113) | ClinPGx/PharmGKB pharmacogenomic annotations (https://api.pharmgkb.org/; doi:10.1002/cpz1.226),https://www.genenames.org/data/gene-symbol-report/#!/hgnc_id/HGNC:9722,5832,ENSG00000059573,P54886,10q24.1,protein-coding gene,gene with protein product,Aldehyde dehydrogenases,398,,https://storage.googleapis.com/public-download-files/hgnc/tsv/tsv/hgnc_complete_set.txt,2026-04-29T11:48:39.621213+00:00
ALDH1A1,aldehyde dehydrogenase 1 family member A1,HGNC:402,Phase I,Aldehyde dehydrogenases,aldehyde oxidation; acetaldehyde clearance and reactive aldehyde detoxication,core,HGNC;BRENDA;CLINPGX,HGNC gene symbols and gene-family membership (https://www.genenames.org/download/; doi:10.1093/nar/gku1071) | BRENDA enzyme functional and reaction data (https://www.brenda-enzymes.org/; doi:10.1093/nar/gkaf1113) | ClinPGx/PharmGKB pharmacogenomic annotations (https://api.pharmgkb.org/; doi:10.1002/cpz1.226),https://www.genenames.org/data/gene-symbol-report/#!/hgnc_id/HGNC:402,216,ENSG00000165092,P00352,9q21.13,protein-coding gene,gene with protein product,Aldehyde dehydrogenases,398,,https://storage.googleapis.com/public-download-files/hgnc/tsv/tsv/hgnc_complete_set.txt,2026-04-29T11:48:39.621213+00:00
ALDH1A2,aldehyde dehydrogenase 1 family member A2,HGNC:15472,Phase I,Aldehyde dehydrogenases,aldehyde oxidation; acetaldehyde clearance and reactive aldehyde detoxication,core,HGNC;BRENDA;CLINPGX,HGNC gene symbols and gene-family membership (https://www.genenames.org/download/; doi:10.1093/nar/gku1071) | BRENDA enzyme functional and reaction data (https://www.brenda-enzymes.org/; doi:10.1093/nar/gkaf1113) | ClinPGx/PharmGKB pharmacogenomic annotations (https://api.pharmgkb.org/; doi:10.1002/cpz1.226),https://www.genenames.org/data/gene-symbol-report/#!/hgnc_id/HGNC:15472,8854,ENSG00000128918,O94788,15q21.3,protein-coding gene,gene with protein product,Aldehyde dehydrogenases,398,,https://storage.googleapis.com/public-download-files/hgnc/tsv/tsv/hgnc_complete_set.txt,2026-04-29T11:48:39.621213+00:00
ALDH1A3,aldehyde dehydrogenase 1 family member A3,HGNC:409,Phase I,Aldehyde dehydrogenases,aldehyde oxidation; acetaldehyde clearance and reactive aldehyde detoxication,core,HGNC;BRENDA;CLINPGX,HGNC gene symbols and gene-family membership (https://www.genenames.org/download/; doi:10.1093/nar/gku1071) | BRENDA enzyme functional and reaction data (https://www.brenda-enzymes.org/; doi:10.1093/nar/gkaf1113) | ClinPGx/PharmGKB pharmacogenomic annotations (https://api.pharmgkb.org/; doi:10.1002/cpz1.226),https://www.genenames.org/data/gene-symbol-report/#!/hgnc_id/HGNC:409,220,ENSG00000184254,P47895,15q26.3,protein-coding gene,gene with protein product,Aldehyde dehydrogenases,398,,https://storage.googleapis.com/public-download-files/hgnc/tsv/tsv/hgnc_complete_set.txt,2026-04-29T11:48:39.621213+00:00
ALDH1B1,aldehyde dehydrogenase 1 family member B1,HGNC:407,Phase I,Aldehyde dehydrogenases,aldehyde oxidation; acetaldehyde clearance and reactive aldehyde detoxication,core,HGNC;BRENDA;CLINPGX,HGNC gene symbols and gene-family membership (https://www.genenames.org/download/; doi:10.1093/nar/gku1071) | BRENDA enzyme functional and reaction data (https://www.brenda-enzymes.org/; doi:10.1093/nar/gkaf1113) | ClinPGx/PharmGKB pharmacogenomic annotations (https://api.pharmgkb.org/; doi:10.1002/cpz1.226),https://www.genenames.org/data/gene-symbol-report/#!/hgnc_id/HGNC:407,219,ENSG00000137124,P30837,9p13.1,protein-coding gene,gene with protein product,Aldehyde dehydrogenases,398,,https://storage.googleapis.com/public-download-files/hgnc/tsv/tsv/hgnc_complete_set.txt,2026-04-29T11:48:39.621213+00:00
ALDH1L1,aldehyde dehydrogenase 1 family member L1,HGNC:3978,Phase I,Aldehyde dehydrogenases,aldehyde oxidation; acetaldehyde clearance and reactive aldehyde detoxication,core,HGNC;BRENDA;CLINPGX,HGNC gene symbols and gene-family membership (https://www.genenames.org/download/; doi:10.1093/nar/gku1071) | BRENDA enzyme functional and reaction data (https://www.brenda-enzymes.org/; doi:10.1093/nar/gkaf1113) | ClinPGx/PharmGKB pharmacogenomic annotations (https://api.pharmgkb.org/; doi:10.1002/cpz1.226),https://www.genenames.org/data/gene-symbol-report/#!/hgnc_id/HGNC:3978,10840,ENSG00000144908,O75891,3q21.3,protein-coding gene,gene with protein product,Aldehyde dehydrogenases,398,,https://storage.googleapis.com/public-download-files/hgnc/tsv/tsv/hgnc_complete_set.txt,2026-04-29T11:48:39.621213+00:00
ALDH1L2,aldehyde dehydrogenase 1 family member L2,HGNC:26777,Phase I,Aldehyde dehydrogenases,aldehyde oxidation; acetaldehyde clearance and reactive aldehyde detoxication,core,HGNC;BRENDA;CLINPGX,HGNC gene symbols and gene-family membership (https://www.genenames.org/download/; doi:10.1093/nar/gku1071) | BRENDA enzyme functional and reaction data (https://www.brenda-enzymes.org/; doi:10.1093/nar/gkaf1113) | ClinPGx/PharmGKB pharmacogenomic annotations (https://api.pharmgkb.org/; doi:10.1002/cpz1.226),https://www.genenames.org/data/gene-symbol-report/#!/hgnc_id/HGNC:26777,160428,ENSG00000136010,Q3SY69,12q23.3,protein-coding gene,gene with protein product,Aldehyde dehydrogenases,398,,https://storage.googleapis.com/public-download-files/hgnc/tsv/tsv/hgnc_complete_set.txt,2026-04-29T11:48:39.621213+00:00
ALDH2,aldehyde dehydrogenase 2 family member,HGNC:404,Phase I,Aldehyde dehydrogenases,aldehyde oxidation; acetaldehyde clearance and reactive aldehyde detoxication,core,HGNC;BRENDA;CLINPGX,HGNC gene symbols and gene-family membership (https://www.genenames.org/download/; doi:10.1093/nar/gku1071) | BRENDA enzyme functional and reaction data (https://www.brenda-enzymes.org/; doi:10.1093/nar/gkaf1113) | ClinPGx/PharmGKB pharmacogenomic annotations (https://api.pharmgkb.org/; doi:10.1002/cpz1.226),https://www.genenames.org/data/gene-symbol-report/#!/hgnc_id/HGNC:404,217,ENSG00000111275,P05091,12q24.12,protein-coding gene,gene with protein product,Aldehyde dehydrogenases|MicroRNA protein coding host genes,398|1691,,https://storage.googleapis.com/public-download-files/hgnc/tsv/tsv/hgnc_complete_set.txt,2026-04-29T11:48:39.621213+00:00
ALDH3A1,aldehyde dehydrogenase 3 family member A1,HGNC:405,Phase I,Aldehyde dehydrogenases,aldehyde oxidation; acetaldehyde clearance and reactive aldehyde detoxication,core,HGNC;BRENDA;CLINPGX,HGNC gene symbols and gene-family membership (https://www.genenames.org/download/; doi:10.1093/nar/gku1071) | BRENDA enzyme functional and reaction data (https://www.brenda-enzymes.org/; doi:10.1093/nar/gkaf1113) | ClinPGx/PharmGKB pharmacogenomic annotations (https://api.pharmgkb.org/; doi:10.1002/cpz1.226),https://www.genenames.org/data/gene-symbol-report/#!/hgnc_id/HGNC:405,218,ENSG00000108602,P30838,17p11.2,protein-coding gene,gene with protein product,Aldehyde dehydrogenases,398,,https://storage.googleapis.com/public-download-files/hgnc/tsv/tsv/hgnc_complete_set.txt,2026-04-29T11:48:39.621213+00:00
ALDH3A2,aldehyde dehydrogenase 3 family member A2,HGNC:403,Phase I,Aldehyde dehydrogenases,aldehyde oxidation; acetaldehyde clearance and reactive aldehyde detoxication,core,HGNC;BRENDA;CLINPGX,HGNC gene symbols and gene-family membership (https://www.genenames.org/download/; doi:10.1093/nar/gku1071) | BRENDA enzyme functional and reaction data (https://www.brenda-enzymes.org/; doi:10.1093/nar/gkaf1113) | ClinPGx/PharmGKB pharmacogenomic annotations (https://api.pharmgkb.org/; doi:10.1002/cpz1.226),https://www.genenames.org/data/gene-symbol-report/#!/hgnc_id/HGNC:403,224,ENSG00000072210,P51648,17p11.2,protein-coding gene,gene with protein product,Aldehyde dehydrogenases,398,,https://storage.googleapis.com/public-download-files/hgnc/tsv/tsv/hgnc_complete_set.txt,2026-04-29T11:48:39.621213+00:00
ALDH3B1,aldehyde dehydrogenase 3 family member B1,HGNC:410,Phase I,Aldehyde dehydrogenases,aldehyde oxidation; acetaldehyde clearance and reactive aldehyde detoxication,core,HGNC;BRENDA;CLINPGX,HGNC gene symbols and gene-family membership (https://www.genenames.org/download/; doi:10.1093/nar/gku1071) | BRENDA enzyme functional and reaction data (https://www.brenda-enzymes.org/; doi:10.1093/nar/gkaf1113) | ClinPGx/PharmGKB pharmacogenomic annotations (https://api.pharmgkb.org/; doi:10.1002/cpz1.226),https://www.genenames.org/data/gene-symbol-report/#!/hgnc_id/HGNC:410,221,ENSG00000006534,P43353,11q13.2,protein-coding gene,gene with protein product,Aldehyde dehydrogenases,398,,https://storage.googleapis.com/public-download-files/hgnc/tsv/tsv/hgnc_complete_set.txt,2026-04-29T11:48:39.621213+00:00
ALDH3B2,aldehyde dehydrogenase 3 family member B2,HGNC:411,Phase I,Aldehyde dehydrogenases,aldehyde oxidation; acetaldehyde clearance and reactive aldehyde detoxication,core,HGNC;BRENDA;CLINPGX,HGNC gene symbols and gene-family membership (https://www.genenames.org/download/; doi:10.1093/nar/gku1071) | BRENDA enzyme functional and reaction data (https://www.brenda-enzymes.org/; doi:10.1093/nar/gkaf1113) | ClinPGx/PharmGKB pharmacogenomic annotations (https://api.pharmgkb.org/; doi:10.1002/cpz1.226),https://www.genenames.org/data/gene-symbol-report/#!/hgnc_id/HGNC:411,222,ENSG00000132746,P48448,11q13.2,protein-coding gene,gene with protein product,Aldehyde dehydrogenases,398,,https://storage.googleapis.com/public-download-files/hgnc/tsv/tsv/hgnc_complete_set.txt,2026-04-29T11:48:39.621213+00:00
ALDH4A1,aldehyde dehydrogenase 4 family member A1,HGNC:406,Phase I,Aldehyde dehydrogenases,aldehyde oxidation; acetaldehyde clearance and reactive aldehyde detoxication,core,HGNC;BRENDA;CLINPGX,HGNC gene symbols and gene-family membership (https://www.genenames.org/download/; doi:10.1093/nar/gku1071) | BRENDA enzyme functional and reaction data (https://www.brenda-enzymes.org/; doi:10.1093/nar/gkaf1113) | ClinPGx/PharmGKB pharmacogenomic annotations (https://api.pharmgkb.org/; doi:10.1002/cpz1.226),https://www.genenames.org/data/gene-symbol-report/#!/hgnc_id/HGNC:406,8659,ENSG00000159423,P30038,1p36.13,protein-coding gene,gene with protein product,Aldehyde dehydrogenases|MicroRNA protein coding host genes,398|1691,,https://storage.googleapis.com/public-download-files/hgnc/tsv/tsv/hgnc_complete_set.txt,2026-04-29T11:48:39.621213+00:00
ALDH5A1,aldehyde dehydrogenase 5 family member A1,HGNC:408,Phase I,Aldehyde dehydrogenases,aldehyde oxidation; acetaldehyde clearance and reactive aldehyde detoxication,core,HGNC;BRENDA;CLINPGX,HGNC gene symbols and gene-family membership (https://www.genenames.org/download/; doi:10.1093/nar/gku1071) | BRENDA enzyme functional and reaction data (https://www.brenda-enzymes.org/; doi:10.1093/nar/gkaf1113) | ClinPGx/PharmGKB pharmacogenomic annotations (https://api.pharmgkb.org/; doi:10.1002/cpz1.226),https://www.genenames.org/data/gene-symbol-report/#!/hgnc_id/HGNC:408,7915,ENSG00000112294,P51649,6p22.3,protein-coding gene,gene with protein product,Aldehyde dehydrogenases,398,,https://storage.googleapis.com/public-download-files/hgnc/tsv/tsv/hgnc_complete_set.txt,2026-04-29T11:48:39.621213+00:00
ALDH6A1,aldehyde dehydrogenase 6 family member A1,HGNC:7179,Phase I,Aldehyde dehydrogenases,aldehyde oxidation; acetaldehyde clearance and reactive aldehyde detoxication,core,HGNC;BRENDA;CLINPGX,HGNC gene symbols and gene-family membership (https://www.genenames.org/download/; doi:10.1093/nar/gku1071) | BRENDA enzyme functional and reaction data (https://www.brenda-enzymes.org/; doi:10.1093/nar/gkaf1113) | ClinPGx/PharmGKB pharmacogenomic annotations (https://api.pharmgkb.org/; doi:10.1002/cpz1.226),https://www.genenames.org/data/gene-symbol-report/#!/hgnc_id/HGNC:7179,4329,ENSG00000119711,Q02252,14q24.3,protein-coding gene,gene with protein product,Aldehyde dehydrogenases,398,,https://storage.googleapis.com/public-download-files/hgnc/tsv/tsv/hgnc_complete_set.txt,2026-04-29T11:48:39.621213+00:00
ALDH7A1,aldehyde dehydrogenase 7 family member A1,HGNC:877,Phase I,Aldehyde dehydrogenases,aldehyde oxidation; acetaldehyde clearance and reactive aldehyde detoxication,core,HGNC;BRENDA;CLINPGX,HGNC gene symbols and gene-family membership (https://www.genenames.org/download/; doi:10.1093/nar/gku1071) | BRENDA enzyme functional and reaction data (https://www.brenda-enzymes.org/; doi:10.1093/nar/gkaf1113) | ClinPGx/PharmGKB pharmacogenomic annotations (https://api.pharmgkb.org/; doi:10.1002/cpz1.226),https://www.genenames.org/data/gene-symbol-report/#!/hgnc_id/HGNC:877,501,ENSG00000164904,P49419,5q23.2,protein-coding gene,gene with protein product,Aldehyde dehydrogenases,398,,https://storage.googleapis.com/public-download-files/hgnc/tsv/tsv/hgnc_complete_set.txt,2026-04-29T11:48:39.621213+00:00
ALDH8A1,aldehyde dehydrogenase 8 family member A1,HGNC:15471,Phase I,Aldehyde dehydrogenases,aldehyde oxidation; acetaldehyde clearance and reactive aldehyde detoxication,core,HGNC;BRENDA;CLINPGX,HGNC gene symbols and gene-family membership (https://www.genenames.org/download/; doi:10.1093/nar/gku1071) | BRENDA enzyme functional and reaction data (https://www.brenda-enzymes.org/; doi:10.1093/nar/gkaf1113) | ClinPGx/PharmGKB pharmacogenomic annotations (https://api.pharmgkb.org/; doi:10.1002/cpz1.226),https://www.genenames.org/data/gene-symbol-report/#!/hgnc_id/HGNC:15471,64577,ENSG00000118514,Q9H2A2,6q23.3,protein-coding gene,gene with protein product,Aldehyde dehydrogenases,398,,https://storage.googleapis.com/public-download-files/hgnc/tsv/tsv/hgnc_complete_set.txt,2026-04-29T11:48:39.621213+00:00
ALDH9A1,aldehyde dehydrogenase 9 family member A1,HGNC:412,Phase I,Aldehyde dehydrogenases,aldehyde oxidation; acetaldehyde clearance and reactive aldehyde detoxication,core,HGNC;BRENDA;CLINPGX,HGNC gene symbols and gene-family membership (https://www.genenames.org/download/; doi:10.1093/nar/gku1071) | BRENDA enzyme functional and reaction data (https://www.brenda-enzymes.org/; doi:10.1093/nar/gkaf1113) | ClinPGx/PharmGKB pharmacogenomic annotations (https://api.pharmgkb.org/; doi:10.1002/cpz1.226),https://www.genenames.org/data/gene-symbol-report/#!/hgnc_id/HGNC:412,223,ENSG00000143149,P49189,1q24.1,protein-coding gene,gene with protein product,Aldehyde dehydrogenases,398,,https://storage.googleapis.com/public-download-files/hgnc/tsv/tsv/hgnc_complete_set.txt,2026-04-29T11:48:39.621213+00:00
AKR1A1,aldo-keto reductase family 1 member A1,HGNC:380,Phase I,Aldo-keto reductases,carbonyl reduction; PAH dihydrodiol oxidation to redox-active quinones,core,HGNC;XMETDB;BRENDA,HGNC gene symbols and gene-family membership (https://www.genenames.org/download/; doi:10.1093/nar/gku1071) | XMetDB xenobiotic biotransformations (https://jcheminf.biomedcentral.com/articles/10.1186/s13321-016-0161-3; doi:10.1186/s13321-016-0161-3) | BRENDA enzyme functional and reaction data (https://www.brenda-enzymes.org/; doi:10.1093/nar/gkaf1113),https://www.genenames.org/data/gene-symbol-report/#!/hgnc_id/HGNC:380,10327,ENSG00000117448,P14550,1p34.1,protein-coding gene,gene with protein product,Aldo-keto reductases,399,,https://storage.googleapis.com/public-download-files/hgnc/tsv/tsv/hgnc_complete_set.txt,2026-04-29T11:48:39.621213+00:00
AKR1B1,aldo-keto reductase family 1 member B,HGNC:381,Phase I,Aldo-keto reductases,carbonyl reduction; PAH dihydrodiol oxidation to redox-active quinones,core,HGNC;XMETDB;BRENDA,HGNC gene symbols and gene-family membership (https://www.genenames.org/download/; doi:10.1093/nar/gku1071) | XMetDB xenobiotic biotransformations (https://jcheminf.biomedcentral.com/articles/10.1186/s13321-016-0161-3; doi:10.1186/s13321-016-0161-3) | BRENDA enzyme functional and reaction data (https://www.brenda-enzymes.org/; doi:10.1093/nar/gkaf1113),https://www.genenames.org/data/gene-symbol-report/#!/hgnc_id/HGNC:381,231,ENSG00000085662,P15121,7q33,protein-coding gene,gene with protein product,Aldo-keto reductases,399,,https://storage.googleapis.com/public-download-files/hgnc/tsv/tsv/hgnc_complete_set.txt,2026-04-29T11:48:39.621213+00:00
AKR1B10,aldo-keto reductase family 1 member B10,HGNC:382,Phase I,Aldo-keto reductases,carbonyl reduction; PAH dihydrodiol oxidation to redox-active quinones,core,HGNC;XMETDB;BRENDA,HGNC gene symbols and gene-family membership (https://www.genenames.org/download/; doi:10.1093/nar/gku1071) | XMetDB xenobiotic biotransformations (https://jcheminf.biomedcentral.com/articles/10.1186/s13321-016-0161-3; doi:10.1186/s13321-016-0161-3) | BRENDA enzyme functional and reaction data (https://www.brenda-enzymes.org/; doi:10.1093/nar/gkaf1113),https://www.genenames.org/data/gene-symbol-report/#!/hgnc_id/HGNC:382,57016,ENSG00000198074,O60218,7q33,protein-coding gene,gene with protein product,Aldo-keto reductases,399,,https://storage.googleapis.com/public-download-files/hgnc/tsv/tsv/hgnc_complete_set.txt,2026-04-29T11:48:39.621213+00:00
AKR1B15,aldo-keto reductase family 1 member B15,HGNC:37281,Phase I,Aldo-keto reductases,carbonyl reduction; PAH dihydrodiol oxidation to redox-active quinones,core,HGNC;XMETDB;BRENDA,HGNC gene symbols and gene-family membership (https://www.genenames.org/download/; doi:10.1093/nar/gku1071) | XMetDB xenobiotic biotransformations (https://jcheminf.biomedcentral.com/articles/10.1186/s13321-016-0161-3; doi:10.1186/s13321-016-0161-3) | BRENDA enzyme functional and reaction data (https://www.brenda-enzymes.org/; doi:10.1093/nar/gkaf1113),https://www.genenames.org/data/gene-symbol-report/#!/hgnc_id/HGNC:37281,441282,ENSG00000227471,C9JRZ8,7q33,protein-coding gene,gene with protein product,Aldo-keto reductases,399,,https://storage.googleapis.com/public-download-files/hgnc/tsv/tsv/hgnc_complete_set.txt,2026-04-29T11:48:39.621213+00:00
AKR1C1,aldo-keto reductase family 1 member C1,HGNC:384,Phase I,Aldo-keto reductases,carbonyl reduction; PAH dihydrodiol oxidation to redox-active quinones,core,HGNC;XMETDB;BRENDA,HGNC gene symbols and gene-family membership (https://www.genenames.org/download/; doi:10.1093/nar/gku1071) | XMetDB xenobiotic biotransformations (https://jcheminf.biomedcentral.com/articles/10.1186/s13321-016-0161-3; doi:10.1186/s13321-016-0161-3) | BRENDA enzyme functional and reaction data (https://www.brenda-enzymes.org/; doi:10.1093/nar/gkaf1113),https://www.genenames.org/data/gene-symbol-report/#!/hgnc_id/HGNC:384,1645,ENSG00000187134,Q04828,10p15.1,protein-coding gene,gene with protein product,Aldo-keto reductases,399,,https://storage.googleapis.com/public-download-files/hgnc/tsv/tsv/hgnc_complete_set.txt,2026-04-29T11:48:39.621213+00:00
AKR1C2,aldo-keto reductase family 1 member C2,HGNC:385,Phase I,Aldo-keto reductases,carbonyl reduction; PAH dihydrodiol oxidation to redox-active quinones,core,HGNC;XMETDB;BRENDA,HGNC gene symbols and gene-family membership (https://www.genenames.org/download/; doi:10.1093/nar/gku1071) | XMetDB xenobiotic biotransformations (https://jcheminf.biomedcentral.com/articles/10.1186/s13321-016-0161-3; doi:10.1186/s13321-016-0161-3) | BRENDA enzyme functional and reaction data (https://www.brenda-enzymes.org/; doi:10.1093/nar/gkaf1113),https://www.genenames.org/data/gene-symbol-report/#!/hgnc_id/HGNC:385,1646,ENSG00000151632,P52895,10p15.1,protein-coding gene,gene with protein product,Aldo-keto reductases,399,,https://storage.googleapis.com/public-download-files/hgnc/tsv/tsv/hgnc_complete_set.txt,2026-04-29T11:48:39.621213+00:00
AKR1C3,aldo-keto reductase family 1 member C3,HGNC:386,Phase I,Aldo-keto reductases,carbonyl reduction; PAH dihydrodiol oxidation to redox-active quinones,core,HGNC;XMETDB;BRENDA,HGNC gene symbols and gene-family membership (https://www.genenames.org/download/; doi:10.1093/nar/gku1071) | XMetDB xenobiotic biotransformations (https://jcheminf.biomedcentral.com/articles/10.1186/s13321-016-0161-3; doi:10.1186/s13321-016-0161-3) | BRENDA enzyme functional and reaction data (https://www.brenda-enzymes.org/; doi:10.1093/nar/gkaf1113),https://www.genenames.org/data/gene-symbol-report/#!/hgnc_id/HGNC:386,8644,ENSG00000196139,P42330,10p15.1,protein-coding gene,gene with protein product,Aldo-keto reductases,399,,https://storage.googleapis.com/public-download-files/hgnc/tsv/tsv/hgnc_complete_set.txt,2026-04-29T11:48:39.621213+00:00
AKR1C4,aldo-keto reductase family 1 member C4,HGNC:387,Phase I,Aldo-keto reductases,carbonyl reduction; PAH dihydrodiol oxidation to redox-active quinones,core,HGNC;XMETDB;BRENDA,HGNC gene symbols and gene-family membership (https://www.genenames.org/download/; doi:10.1093/nar/gku1071) | XMetDB xenobiotic biotransformations (https://jcheminf.biomedcentral.com/articles/10.1186/s13321-016-0161-3; doi:10.1186/s13321-016-0161-3) | BRENDA enzyme functional and reaction data (https://www.brenda-enzymes.org/; doi:10.1093/nar/gkaf1113),https://www.genenames.org/data/gene-symbol-report/#!/hgnc_id/HGNC:387,1109,ENSG00000198610,P17516,10p15.1,protein-coding gene,gene with protein product,Aldo-keto reductases,399,,https://storage.googleapis.com/public-download-files/hgnc/tsv/tsv/hgnc_complete_set.txt,2026-04-29T11:48:39.621213+00:00
AKR1C8,aldo-keto reductase family 1 member C8,HGNC:23469,Phase I,Aldo-keto reductases,carbonyl reduction; PAH dihydrodiol oxidation to redox-active quinones,core,HGNC;XMETDB;BRENDA,HGNC gene symbols and gene-family membership (https://www.genenames.org/download/; doi:10.1093/nar/gku1071) | XMetDB xenobiotic biotransformations (https://jcheminf.biomedcentral.com/articles/10.1186/s13321-016-0161-3; doi:10.1186/s13321-016-0161-3) | BRENDA enzyme functional and reaction data (https://www.brenda-enzymes.org/; doi:10.1093/nar/gkaf1113),https://www.genenames.org/data/gene-symbol-report/#!/hgnc_id/HGNC:23469,340811,ENSG00000264006,Q5T2L2,10p15.1,protein-coding gene,gene with protein product,Aldo-keto reductases,399,,https://storage.googleapis.com/public-download-files/hgnc/tsv/tsv/hgnc_complete_set.txt,2026-04-29T11:48:39.621213+00:00
AKR1D1,aldo-keto reductase family 1 member D1,HGNC:388,Phase I,Aldo-keto reductases,carbonyl reduction; PAH dihydrodiol oxidation to redox-active quinones,core,HGNC;XMETDB;BRENDA,HGNC gene symbols and gene-family membership (https://www.genenames.org/download/; doi:10.1093/nar/gku1071) | XMetDB xenobiotic biotransformations (https://jcheminf.biomedcentral.com/articles/10.1186/s13321-016-0161-3; doi:10.1186/s13321-016-0161-3) | BRENDA enzyme functional and reaction data (https://www.brenda-enzymes.org/; doi:10.1093/nar/gkaf1113),https://www.genenames.org/data/gene-symbol-report/#!/hgnc_id/HGNC:388,6718,ENSG00000122787,P51857,7q33,protein-coding gene,gene with protein product,Aldo-keto reductases,399,,https://storage.googleapis.com/public-download-files/hgnc/tsv/tsv/hgnc_complete_set.txt,2026-04-29T11:48:39.621213+00:00
AKR1E2,aldo-keto reductase family 1 member E2,HGNC:23437,Phase I,Aldo-keto reductases,carbonyl reduction; PAH dihydrodiol oxidation to redox-active quinones,core,HGNC;XMETDB;BRENDA,HGNC gene symbols and gene-family membership (https://www.genenames.org/download/; doi:10.1093/nar/gku1071) | XMetDB xenobiotic biotransformations (https://jcheminf.biomedcentral.com/articles/10.1186/s13321-016-0161-3; doi:10.1186/s13321-016-0161-3) | BRENDA enzyme functional and reaction data (https://www.brenda-enzymes.org/; doi:10.1093/nar/gkaf1113),https://www.genenames.org/data/gene-symbol-report/#!/hgnc_id/HGNC:23437,83592,ENSG00000165568,Q96JD6,10p15.1,protein-coding gene,gene with protein product,Aldo-keto reductases,399,,https://storage.googleapis.com/public-download-files/hgnc/tsv/tsv/hgnc_complete_set.txt,2026-04-29T11:48:39.621213+00:00
AKR7A2,aldo-keto reductase family 7 member A2,HGNC:389,Phase I,Aldo-keto reductases,carbonyl reduction; PAH dihydrodiol oxidation to redox-active quinones,core,HGNC;XMETDB;BRENDA,HGNC gene symbols and gene-family membership (https://www.genenames.org/download/; doi:10.1093/nar/gku1071) | XMetDB xenobiotic biotransformations (https://jcheminf.biomedcentral.com/articles/10.1186/s13321-016-0161-3; doi:10.1186/s13321-016-0161-3) | BRENDA enzyme functional and reaction data (https://www.brenda-enzymes.org/; doi:10.1093/nar/gkaf1113),https://www.genenames.org/data/gene-symbol-report/#!/hgnc_id/HGNC:389,8574,ENSG00000053371,O43488,1p36.13,protein-coding gene,gene with protein product,Aldo-keto reductases,399,,https://storage.googleapis.com/public-download-files/hgnc/tsv/tsv/hgnc_complete_set.txt,2026-04-29T11:48:39.621213+00:00
AKR7A3,aldo-keto reductase family 7 member A3,HGNC:390,Phase I,Aldo-keto reductases,carbonyl reduction; PAH dihydrodiol oxidation to redox-active quinones,core,HGNC;XMETDB;BRENDA,HGNC gene symbols and gene-family membership (https://www.genenames.org/download/; doi:10.1093/nar/gku1071) | XMetDB xenobiotic biotransformations (https://jcheminf.biomedcentral.com/articles/10.1186/s13321-016-0161-3; doi:10.1186/s13321-016-0161-3) | BRENDA enzyme functional and reaction data (https://www.brenda-enzymes.org/; doi:10.1093/nar/gkaf1113),https://www.genenames.org/data/gene-symbol-report/#!/hgnc_id/HGNC:390,22977,ENSG00000162482,O95154,1p36.13,protein-coding gene,gene with protein product,Aldo-keto reductases,399,,https://storage.googleapis.com/public-download-files/hgnc/tsv/tsv/hgnc_complete_set.txt,2026-04-29T11:48:39.621213+00:00
AKR7L,aldo-keto reductase family 7 like (gene/pseudogene),HGNC:24056,Phase I,Aldo-keto reductases,carbonyl reduction; PAH dihydrodiol oxidation to redox-active quinones,core,HGNC;XMETDB;BRENDA,HGNC gene symbols and gene-family membership (https://www.genenames.org/download/; doi:10.1093/nar/gku1071) | XMetDB xenobiotic biotransformations (https://jcheminf.biomedcentral.com/articles/10.1186/s13321-016-0161-3; doi:10.1186/s13321-016-0161-3) | BRENDA enzyme functional and reaction data (https://www.brenda-enzymes.org/; doi:10.1093/nar/gkaf1113),https://www.genenames.org/data/gene-symbol-report/#!/hgnc_id/HGNC:24056,246181,ENSG00000211454,Q8NHP1,1p36.13,protein-coding gene,gene with protein product,,,,https://storage.googleapis.com/public-download-files/hgnc/tsv/tsv/hgnc_complete_set.txt,2026-04-29T11:48:39.621213+00:00
CYB5A,cytochrome b5 type A,HGNC:2570,Phase I,CYP electron-transfer modifiers,electron transfer; modifies microsomal CYP catalytic activity,core,HGNC;BRENDA;CLINPGX;PHARMVAR,HGNC gene symbols and gene-family membership (https://www.genenames.org/download/; doi:10.1093/nar/gku1071) | BRENDA enzyme functional and reaction data (https://www.brenda-enzymes.org/; doi:10.1093/nar/gkaf1113) | ClinPGx/PharmGKB pharmacogenomic annotations (https://api.pharmgkb.org/; doi:10.1002/cpz1.226) | PharmVar star-allele nomenclature (https://www.pharmvar.org/; doi:10.1002/cpt.910),https://www.genenames.org/data/gene-symbol-report/#!/hgnc_id/HGNC:2570,1528,ENSG00000166347,P00167,18q22.3,protein-coding gene,gene with protein product,,,,https://storage.googleapis.com/public-download-files/hgnc/tsv/tsv/hgnc_complete_set.txt,2026-04-29T11:48:39.621213+00:00
CYB5B,cytochrome b5 type B,HGNC:24374,Phase I,CYP electron-transfer modifiers,electron transfer; modifies microsomal CYP catalytic activity,core,HGNC;BRENDA;CLINPGX;PHARMVAR,HGNC gene symbols and gene-family membership (https://www.genenames.org/download/; doi:10.1093/nar/gku1071) | BRENDA enzyme functional and reaction data (https://www.brenda-enzymes.org/; doi:10.1093/nar/gkaf1113) | ClinPGx/PharmGKB pharmacogenomic annotations (https://api.pharmgkb.org/; doi:10.1002/cpz1.226) | PharmVar star-allele nomenclature (https://www.pharmvar.org/; doi:10.1002/cpt.910),https://www.genenames.org/data/gene-symbol-report/#!/hgnc_id/HGNC:24374,80777,ENSG00000103018,O43169,16q22.1,protein-coding gene,gene with protein product,,,,https://storage.googleapis.com/public-download-files/hgnc/tsv/tsv/hgnc_complete_set.txt,2026-04-29T11:48:39.621213+00:00
CYB5R3,cytochrome b5 reductase 3,HGNC:2873,Phase I,CYP electron-transfer modifiers,electron transfer; modifies microsomal CYP catalytic activity,core,HGNC;BRENDA;CLINPGX;PHARMVAR,HGNC gene symbols and gene-family membership (https://www.genenames.org/download/; doi:10.1093/nar/gku1071) | BRENDA enzyme functional and reaction data (https://www.brenda-enzymes.org/; doi:10.1093/nar/gkaf1113) | ClinPGx/PharmGKB pharmacogenomic annotations (https://api.pharmgkb.org/; doi:10.1002/cpz1.226) | PharmVar star-allele nomenclature (https://www.pharmvar.org/; doi:10.1002/cpt.910),https://www.genenames.org/data/gene-symbol-report/#!/hgnc_id/HGNC:2873,1727,ENSG00000100243,P00387,22q13.2,protein-coding gene,gene with protein product,Flavoproteins,2258,,https://storage.googleapis.com/public-download-files/hgnc/tsv/tsv/hgnc_complete_set.txt,2026-04-29T11:48:39.621213+00:00
POR,cytochrome p450 oxidoreductase,HGNC:9208,Phase I,CYP electron-transfer modifiers,electron transfer; modifies microsomal CYP catalytic activity,core,HGNC;BRENDA;CLINPGX;PHARMVAR,HGNC gene symbols and gene-family membership (https://www.genenames.org/download/; doi:10.1093/nar/gku1071) | BRENDA enzyme functional and reaction data (https://www.brenda-enzymes.org/; doi:10.1093/nar/gkaf1113) | ClinPGx/PharmGKB pharmacogenomic annotations (https://api.pharmgkb.org/; doi:10.1002/cpz1.226) | PharmVar star-allele nomenclature (https://www.pharmvar.org/; doi:10.1002/cpt.910),https://www.genenames.org/data/gene-symbol-report/#!/hgnc_id/HGNC:9208,5447,ENSG00000127948,P16435,7q11.23,protein-coding gene,gene with protein product,MicroRNA protein coding host genes|Small nucleolar RNA protein coding host genes|Flavoproteins,1691|1835|2258,,https://storage.googleapis.com/public-download-files/hgnc/tsv/tsv/hgnc_complete_set.txt,2026-04-29T11:48:39.621213+00:00
AADAC,arylacetamide deacetylase,HGNC:17,Phase I,Carboxylesterases and ester hydrolases,ester/amide hydrolysis; prodrug activation and xenobiotic clearance,core,HGNC;XMETDB;BRENDA;CLINPGX,HGNC gene symbols and gene-family membership (https://www.genenames.org/download/; doi:10.1093/nar/gku1071) | XMetDB xenobiotic biotransformations (https://jcheminf.biomedcentral.com/articles/10.1186/s13321-016-0161-3; doi:10.1186/s13321-016-0161-3) | BRENDA enzyme functional and reaction data (https://www.brenda-enzymes.org/; doi:10.1093/nar/gkaf1113) | ClinPGx/PharmGKB pharmacogenomic annotations (https://api.pharmgkb.org/; doi:10.1002/cpz1.226),https://www.genenames.org/data/gene-symbol-report/#!/hgnc_id/HGNC:17,13,ENSG00000114771,P22760,3q25.1,protein-coding gene,gene with protein product,Lipases|Arylacetamide deacetylase family,464|465,,https://storage.googleapis.com/public-download-files/hgnc/tsv/tsv/hgnc_complete_set.txt,2026-04-29T11:48:39.621213+00:00
CES1,carboxylesterase 1,HGNC:1863,Phase I,Carboxylesterases and ester hydrolases,ester/amide hydrolysis; prodrug activation and xenobiotic clearance,core,HGNC;XMETDB;BRENDA;CLINPGX,HGNC gene symbols and gene-family membership (https://www.genenames.org/download/; doi:10.1093/nar/gku1071) | XMetDB xenobiotic biotransformations (https://jcheminf.biomedcentral.com/articles/10.1186/s13321-016-0161-3; doi:10.1186/s13321-016-0161-3) | BRENDA enzyme functional and reaction data (https://www.brenda-enzymes.org/; doi:10.1093/nar/gkaf1113) | ClinPGx/PharmGKB pharmacogenomic annotations (https://api.pharmgkb.org/; doi:10.1002/cpz1.226),https://www.genenames.org/data/gene-symbol-report/#!/hgnc_id/HGNC:1863,1066,ENSG00000198848,P23141,16q12.2,protein-coding gene,gene with protein product,Carboxylesterases,461,,https://storage.googleapis.com/public-download-files/hgnc/tsv/tsv/hgnc_complete_set.txt,2026-04-29T11:48:39.621213+00:00
CES2,carboxylesterase 2,HGNC:1864,Phase I,Carboxylesterases and ester hydrolases,ester/amide hydrolysis; prodrug activation and xenobiotic clearance,core,HGNC;XMETDB;BRENDA;CLINPGX,HGNC gene symbols and gene-family membership (https://www.genenames.org/download/; doi:10.1093/nar/gku1071) | XMetDB xenobiotic biotransformations (https://jcheminf.biomedcentral.com/articles/10.1186/s13321-016-0161-3; doi:10.1186/s13321-016-0161-3) | BRENDA enzyme functional and reaction data (https://www.brenda-enzymes.org/; doi:10.1093/nar/gkaf1113) | ClinPGx/PharmGKB pharmacogenomic annotations (https://api.pharmgkb.org/; doi:10.1002/cpz1.226),https://www.genenames.org/data/gene-symbol-report/#!/hgnc_id/HGNC:1864,8824,ENSG00000172831,O00748,16q22.1,protein-coding gene,gene with protein product,Carboxylesterases,461,,https://storage.googleapis.com/public-download-files/hgnc/tsv/tsv/hgnc_complete_set.txt,2026-04-29T11:48:39.621213+00:00
CES3,carboxylesterase 3,HGNC:1865,Phase I,Carboxylesterases and ester hydrolases,ester/amide hydrolysis; prodrug activation and xenobiotic clearance,core,HGNC;XMETDB;BRENDA;CLINPGX,HGNC gene symbols and gene-family membership (https://www.genenames.org/download/; doi:10.1093/nar/gku1071) | XMetDB xenobiotic biotransformations (https://jcheminf.biomedcentral.com/articles/10.1186/s13321-016-0161-3; doi:10.1186/s13321-016-0161-3) | BRENDA enzyme functional and reaction data (https://www.brenda-enzymes.org/; doi:10.1093/nar/gkaf1113) | ClinPGx/PharmGKB pharmacogenomic annotations (https://api.pharmgkb.org/; doi:10.1002/cpz1.226),https://www.genenames.org/data/gene-symbol-report/#!/hgnc_id/HGNC:1865,23491,ENSG00000172828,Q6UWW8,16q22.1,protein-coding gene,gene with protein product,Carboxylesterases,461,,https://storage.googleapis.com/public-download-files/hgnc/tsv/tsv/hgnc_complete_set.txt,2026-04-29T11:48:39.621213+00:00
CES4A,carboxylesterase 4A,HGNC:26741,Phase I,Carboxylesterases and ester hydrolases,ester/amide hydrolysis; prodrug activation and xenobiotic clearance,core,HGNC;XMETDB;BRENDA;CLINPGX,HGNC gene symbols and gene-family membership (https://www.genenames.org/download/; doi:10.1093/nar/gku1071) | XMetDB xenobiotic biotransformations (https://jcheminf.biomedcentral.com/articles/10.1186/s13321-016-0161-3; doi:10.1186/s13321-016-0161-3) | BRENDA enzyme functional and reaction data (https://www.brenda-enzymes.org/; doi:10.1093/nar/gkaf1113) | ClinPGx/PharmGKB pharmacogenomic annotations (https://api.pharmgkb.org/; doi:10.1002/cpz1.226),https://www.genenames.org/data/gene-symbol-report/#!/hgnc_id/HGNC:26741,283848,ENSG00000172824,Q5XG92,16q22.1,protein-coding gene,gene with protein product,Carboxylesterases,461,,https://storage.googleapis.com/public-download-files/hgnc/tsv/tsv/hgnc_complete_set.txt,2026-04-29T11:48:39.621213+00:00
CES5A,carboxylesterase 5A,HGNC:26459,Phase I,Carboxylesterases and ester hydrolases,ester/amide hydrolysis; prodrug activation and xenobiotic clearance,core,HGNC;XMETDB;BRENDA;CLINPGX,HGNC gene symbols and gene-family membership (https://www.genenames.org/download/; doi:10.1093/nar/gku1071) | XMetDB xenobiotic biotransformations (https://jcheminf.biomedcentral.com/articles/10.1186/s13321-016-0161-3; doi:10.1186/s13321-016-0161-3) | BRENDA enzyme functional and reaction data (https://www.brenda-enzymes.org/; doi:10.1093/nar/gkaf1113) | ClinPGx/PharmGKB pharmacogenomic annotations (https://api.pharmgkb.org/; doi:10.1002/cpz1.226),https://www.genenames.org/data/gene-symbol-report/#!/hgnc_id/HGNC:26459,221223,ENSG00000159398,Q6NT32,16q12.2,protein-coding gene,gene with protein product,Carboxylesterases,461,,https://storage.googleapis.com/public-download-files/hgnc/tsv/tsv/hgnc_complete_set.txt,2026-04-29T11:48:39.621213+00:00
CYP1A1,cytochrome P450 family 1 subfamily A member 1,HGNC:2595,Phase I,"Cytochrome P450 monooxygenases, ADME/carcinogen core",oxidation; procarcinogen activation and xenobiotic clearance,core,HGNC;XMETDB;BRENDA;CLINPGX;PHARMVAR;FDA_DDI,HGNC gene symbols and gene-family membership (https://www.genenames.org/download/; doi:10.1093/nar/gku1071) | XMetDB xenobiotic biotransformations (https://jcheminf.biomedcentral.com/articles/10.1186/s13321-016-0161-3; doi:10.1186/s13321-016-0161-3) | BRENDA enzyme functional and reaction data (https://www.brenda-enzymes.org/; doi:10.1093/nar/gkaf1113) | ClinPGx/PharmGKB pharmacogenomic annotations (https://api.pharmgkb.org/; doi:10.1002/cpz1.226) | PharmVar star-allele nomenclature (https://www.pharmvar.org/; doi:10.1002/cpt.910) | FDA drug interaction tables for CYP enzymes and transporters (https://www.fda.gov/drugs/drug-interactions-labeling/drug-development-and-drug-interactions-table-substrates-inhibitors-and-inducers;),https://www.genenames.org/data/gene-symbol-report/#!/hgnc_id/HGNC:2595,1543,ENSG00000140465,P04798,15q24.1,protein-coding gene,gene with protein product,Cytochrome P450 family 1,1000,"Core CYPs emphasized in human carcinogen metabolism, ADME, or pharmacogenomics.",https://storage.googleapis.com/public-download-files/hgnc/tsv/tsv/hgnc_complete_set.txt,2026-04-29T11:48:39.621213+00:00
CYP1A2,cytochrome P450 family 1 subfamily A member 2,HGNC:2596,Phase I,"Cytochrome P450 monooxygenases, ADME/carcinogen core",oxidation; procarcinogen activation and xenobiotic clearance,core,HGNC;XMETDB;BRENDA;CLINPGX;PHARMVAR;FDA_DDI,HGNC gene symbols and gene-family membership (https://www.genenames.org/download/; doi:10.1093/nar/gku1071) | XMetDB xenobiotic biotransformations (https://jcheminf.biomedcentral.com/articles/10.1186/s13321-016-0161-3; doi:10.1186/s13321-016-0161-3) | BRENDA enzyme functional and reaction data (https://www.brenda-enzymes.org/; doi:10.1093/nar/gkaf1113) | ClinPGx/PharmGKB pharmacogenomic annotations (https://api.pharmgkb.org/; doi:10.1002/cpz1.226) | PharmVar star-allele nomenclature (https://www.pharmvar.org/; doi:10.1002/cpt.910) | FDA drug interaction tables for CYP enzymes and transporters (https://www.fda.gov/drugs/drug-interactions-labeling/drug-development-and-drug-interactions-table-substrates-inhibitors-and-inducers;),https://www.genenames.org/data/gene-symbol-report/#!/hgnc_id/HGNC:2596,1544,ENSG00000140505,P05177,15q24.1,protein-coding gene,gene with protein product,Cytochrome P450 family 1,1000,"Core CYPs emphasized in human carcinogen metabolism, ADME, or pharmacogenomics.",https://storage.googleapis.com/public-download-files/hgnc/tsv/tsv/hgnc_complete_set.txt,2026-04-29T11:48:39.621213+00:00
CYP1B1,cytochrome P450 family 1 subfamily B member 1,HGNC:2597,Phase I,"Cytochrome P450 monooxygenases, ADME/carcinogen core",oxidation; procarcinogen activation and xenobiotic clearance,core,HGNC;XMETDB;BRENDA;CLINPGX;PHARMVAR;FDA_DDI,HGNC gene symbols and gene-family membership (https://www.genenames.org/download/; doi:10.1093/nar/gku1071) | XMetDB xenobiotic biotransformations (https://jcheminf.biomedcentral.com/articles/10.1186/s13321-016-0161-3; doi:10.1186/s13321-016-0161-3) | BRENDA enzyme functional and reaction data (https://www.brenda-enzymes.org/; doi:10.1093/nar/gkaf1113) | ClinPGx/PharmGKB pharmacogenomic annotations (https://api.pharmgkb.org/; doi:10.1002/cpz1.226) | PharmVar star-allele nomenclature (https://www.pharmvar.org/; doi:10.1002/cpt.910) | FDA drug interaction tables for CYP enzymes and transporters (https://www.fda.gov/drugs/drug-interactions-labeling/drug-development-and-drug-interactions-table-substrates-inhibitors-and-inducers;),https://www.genenames.org/data/gene-symbol-report/#!/hgnc_id/HGNC:2597,1545,ENSG00000138061,Q16678,2p22.2,protein-coding gene,gene with protein product,Cytochrome P450 family 1,1000,"Core CYPs emphasized in human carcinogen metabolism, ADME, or pharmacogenomics.",https://storage.googleapis.com/public-download-files/hgnc/tsv/tsv/hgnc_complete_set.txt,2026-04-29T11:48:39.621213+00:00
CYP2A13,cytochrome P450 family 2 subfamily A member 13,HGNC:2608,Phase I,"Cytochrome P450 monooxygenases, ADME/carcinogen core",oxidation; procarcinogen activation and xenobiotic clearance,core,HGNC;XMETDB;BRENDA;CLINPGX;PHARMVAR;FDA_DDI,HGNC gene symbols and gene-family membership (https://www.genenames.org/download/; doi:10.1093/nar/gku1071) | XMetDB xenobiotic biotransformations (https://jcheminf.biomedcentral.com/articles/10.1186/s13321-016-0161-3; doi:10.1186/s13321-016-0161-3) | BRENDA enzyme functional and reaction data (https://www.brenda-enzymes.org/; doi:10.1093/nar/gkaf1113) | ClinPGx/PharmGKB pharmacogenomic annotations (https://api.pharmgkb.org/; doi:10.1002/cpz1.226) | PharmVar star-allele nomenclature (https://www.pharmvar.org/; doi:10.1002/cpt.910) | FDA drug interaction tables for CYP enzymes and transporters (https://www.fda.gov/drugs/drug-interactions-labeling/drug-development-and-drug-interactions-table-substrates-inhibitors-and-inducers;),https://www.genenames.org/data/gene-symbol-report/#!/hgnc_id/HGNC:2608,1553,ENSG00000197838,Q16696,19q13.2,protein-coding gene,gene with protein product,Cytochrome P450 family 2,1001,"Core CYPs emphasized in human carcinogen metabolism, ADME, or pharmacogenomics.",https://storage.googleapis.com/public-download-files/hgnc/tsv/tsv/hgnc_complete_set.txt,2026-04-29T11:48:39.621213+00:00
CYP2A6,cytochrome P450 family 2 subfamily A member 6,HGNC:2610,Phase I,"Cytochrome P450 monooxygenases, ADME/carcinogen core",oxidation; procarcinogen activation and xenobiotic clearance,core,HGNC;XMETDB;BRENDA;CLINPGX;PHARMVAR;FDA_DDI,HGNC gene symbols and gene-family membership (https://www.genenames.org/download/; doi:10.1093/nar/gku1071) | XMetDB xenobiotic biotransformations (https://jcheminf.biomedcentral.com/articles/10.1186/s13321-016-0161-3; doi:10.1186/s13321-016-0161-3) | BRENDA enzyme functional and reaction data (https://www.brenda-enzymes.org/; doi:10.1093/nar/gkaf1113) | ClinPGx/PharmGKB pharmacogenomic annotations (https://api.pharmgkb.org/; doi:10.1002/cpz1.226) | PharmVar star-allele nomenclature (https://www.pharmvar.org/; doi:10.1002/cpt.910) | FDA drug interaction tables for CYP enzymes and transporters (https://www.fda.gov/drugs/drug-interactions-labeling/drug-development-and-drug-interactions-table-substrates-inhibitors-and-inducers;),https://www.genenames.org/data/gene-symbol-report/#!/hgnc_id/HGNC:2610,1548,ENSG00000255974,P11509,19q13.2,protein-coding gene,gene with protein product,Cytochrome P450 family 2,1001,"Core CYPs emphasized in human carcinogen metabolism, ADME, or pharmacogenomics.",https://storage.googleapis.com/public-download-files/hgnc/tsv/tsv/hgnc_complete_set.txt,2026-04-29T11:48:39.621213+00:00
CYP2B6,cytochrome P450 family 2 subfamily B member 6,HGNC:2615,Phase I,"Cytochrome P450 monooxygenases, ADME/carcinogen core",oxidation; procarcinogen activation and xenobiotic clearance,core,HGNC;XMETDB;BRENDA;CLINPGX;PHARMVAR;FDA_DDI,HGNC gene symbols and gene-family membership (https://www.genenames.org/download/; doi:10.1093/nar/gku1071) | XMetDB xenobiotic biotransformations (https://jcheminf.biomedcentral.com/articles/10.1186/s13321-016-0161-3; doi:10.1186/s13321-016-0161-3) | BRENDA enzyme functional and reaction data (https://www.brenda-enzymes.org/; doi:10.1093/nar/gkaf1113) | ClinPGx/PharmGKB pharmacogenomic annotations (https://api.pharmgkb.org/; doi:10.1002/cpz1.226) | PharmVar star-allele nomenclature (https://www.pharmvar.org/; doi:10.1002/cpt.910) | FDA drug interaction tables for CYP enzymes and transporters (https://www.fda.gov/drugs/drug-interactions-labeling/drug-development-and-drug-interactions-table-substrates-inhibitors-and-inducers;),https://www.genenames.org/data/gene-symbol-report/#!/hgnc_id/HGNC:2615,1555,ENSG00000197408,P20813,19q13.2,protein-coding gene,gene with protein product,Cytochrome P450 family 2,1001,"Core CYPs emphasized in human carcinogen metabolism, ADME, or pharmacogenomics.",https://storage.googleapis.com/public-download-files/hgnc/tsv/tsv/hgnc_complete_set.txt,2026-04-29T11:48:39.621213+00:00
CYP2C19,cytochrome P450 family 2 subfamily C member 19,HGNC:2621,Phase I,"Cytochrome P450 monooxygenases, ADME/carcinogen core",oxidation; procarcinogen activation and xenobiotic clearance,core,HGNC;XMETDB;BRENDA;CLINPGX;PHARMVAR;FDA_DDI,HGNC gene symbols and gene-family membership (https://www.genenames.org/download/; doi:10.1093/nar/gku1071) | XMetDB xenobiotic biotransformations (https://jcheminf.biomedcentral.com/articles/10.1186/s13321-016-0161-3; doi:10.1186/s13321-016-0161-3) | BRENDA enzyme functional and reaction data (https://www.brenda-enzymes.org/; doi:10.1093/nar/gkaf1113) | ClinPGx/PharmGKB pharmacogenomic annotations (https://api.pharmgkb.org/; doi:10.1002/cpz1.226) | PharmVar star-allele nomenclature (https://www.pharmvar.org/; doi:10.1002/cpt.910) | FDA drug interaction tables for CYP enzymes and transporters (https://www.fda.gov/drugs/drug-interactions-labeling/drug-development-and-drug-interactions-table-substrates-inhibitors-and-inducers;),https://www.genenames.org/data/gene-symbol-report/#!/hgnc_id/HGNC:2621,1557,ENSG00000165841,P33261,10q23.33,protein-coding gene,gene with protein product,Cytochrome P450 family 2,1001,"Core CYPs emphasized in human carcinogen metabolism, ADME, or pharmacogenomics.",https://storage.googleapis.com/public-download-files/hgnc/tsv/tsv/hgnc_complete_set.txt,2026-04-29T11:48:39.621213+00:00
CYP2C8,cytochrome P450 family 2 subfamily C member 8,HGNC:2622,Phase I,"Cytochrome P450 monooxygenases, ADME/carcinogen core",oxidation; procarcinogen activation and xenobiotic clearance,core,HGNC;XMETDB;BRENDA;CLINPGX;PHARMVAR;FDA_DDI,HGNC gene symbols and gene-family membership (https://www.genenames.org/download/; doi:10.1093/nar/gku1071) | XMetDB xenobiotic biotransformations (https://jcheminf.biomedcentral.com/articles/10.1186/s13321-016-0161-3; doi:10.1186/s13321-016-0161-3) | BRENDA enzyme functional and reaction data (https://www.brenda-enzymes.org/; doi:10.1093/nar/gkaf1113) | ClinPGx/PharmGKB pharmacogenomic annotations (https://api.pharmgkb.org/; doi:10.1002/cpz1.226) | PharmVar star-allele nomenclature (https://www.pharmvar.org/; doi:10.1002/cpt.910) | FDA drug interaction tables for CYP enzymes and transporters (https://www.fda.gov/drugs/drug-interactions-labeling/drug-development-and-drug-interactions-table-substrates-inhibitors-and-inducers;),https://www.genenames.org/data/gene-symbol-report/#!/hgnc_id/HGNC:2622,1558,ENSG00000138115,P10632,10q23.33,protein-coding gene,gene with protein product,Cytochrome P450 family 2,1001,"Core CYPs emphasized in human carcinogen metabolism, ADME, or pharmacogenomics.",https://storage.googleapis.com/public-download-files/hgnc/tsv/tsv/hgnc_complete_set.txt,2026-04-29T11:48:39.621213+00:00
CYP2C9,cytochrome P450 family 2 subfamily C member 9,HGNC:2623,Phase I,"Cytochrome P450 monooxygenases, ADME/carcinogen core",oxidation; procarcinogen activation and xenobiotic clearance,core,HGNC;XMETDB;BRENDA;CLINPGX;PHARMVAR;FDA_DDI,HGNC gene symbols and gene-family membership (https://www.genenames.org/download/; doi:10.1093/nar/gku1071) | XMetDB xenobiotic biotransformations (https://jcheminf.biomedcentral.com/articles/10.1186/s13321-016-0161-3; doi:10.1186/s13321-016-0161-3) | BRENDA enzyme functional and reaction data (https://www.brenda-enzymes.org/; doi:10.1093/nar/gkaf1113) | ClinPGx/PharmGKB pharmacogenomic annotations (https://api.pharmgkb.org/; doi:10.1002/cpz1.226) | PharmVar star-allele nomenclature (https://www.pharmvar.org/; doi:10.1002/cpt.910) | FDA drug interaction tables for CYP enzymes and transporters (https://www.fda.gov/drugs/drug-interactions-labeling/drug-development-and-drug-interactions-table-substrates-inhibitors-and-inducers;),https://www.genenames.org/data/gene-symbol-report/#!/hgnc_id/HGNC:2623,1559,ENSG00000138109,P11712,10q23.33,protein-coding gene,gene with protein product,Cytochrome P450 family 2,1001,"Core CYPs emphasized in human carcinogen metabolism, ADME, or pharmacogenomics.",https://storage.googleapis.com/public-download-files/hgnc/tsv/tsv/hgnc_complete_set.txt,2026-04-29T11:48:39.621213+00:00
CYP2D6,cytochrome P450 family 2 subfamily D member 6 (gene/pseudogene),HGNC:2625,Phase I,"Cytochrome P450 monooxygenases, ADME/carcinogen core",oxidation; procarcinogen activation and xenobiotic clearance,core,HGNC;XMETDB;BRENDA;CLINPGX;PHARMVAR;FDA_DDI,HGNC gene symbols and gene-family membership (https://www.genenames.org/download/; doi:10.1093/nar/gku1071) | XMetDB xenobiotic biotransformations (https://jcheminf.biomedcentral.com/articles/10.1186/s13321-016-0161-3; doi:10.1186/s13321-016-0161-3) | BRENDA enzyme functional and reaction data (https://www.brenda-enzymes.org/; doi:10.1093/nar/gkaf1113) | ClinPGx/PharmGKB pharmacogenomic annotations (https://api.pharmgkb.org/; doi:10.1002/cpz1.226) | PharmVar star-allele nomenclature (https://www.pharmvar.org/; doi:10.1002/cpt.910) | FDA drug interaction tables for CYP enzymes and transporters (https://www.fda.gov/drugs/drug-interactions-labeling/drug-development-and-drug-interactions-table-substrates-inhibitors-and-inducers;),https://www.genenames.org/data/gene-symbol-report/#!/hgnc_id/HGNC:2625,1565,ENSG00000100197,P10635,22q13.2,protein-coding gene,gene with protein product,Cytochrome P450 family 2,1001,"Core CYPs emphasized in human carcinogen metabolism, ADME, or pharmacogenomics.",https://storage.googleapis.com/public-download-files/hgnc/tsv/tsv/hgnc_complete_set.txt,2026-04-29T11:48:39.621213+00:00
CYP2E1,cytochrome P450 family 2 subfamily E member 1,HGNC:2631,Phase I,"Cytochrome P450 monooxygenases, ADME/carcinogen core",oxidation; procarcinogen activation and xenobiotic clearance,core,HGNC;XMETDB;BRENDA;CLINPGX;PHARMVAR;FDA_DDI,HGNC gene symbols and gene-family membership (https://www.genenames.org/download/; doi:10.1093/nar/gku1071) | XMetDB xenobiotic biotransformations (https://jcheminf.biomedcentral.com/articles/10.1186/s13321-016-0161-3; doi:10.1186/s13321-016-0161-3) | BRENDA enzyme functional and reaction data (https://www.brenda-enzymes.org/; doi:10.1093/nar/gkaf1113) | ClinPGx/PharmGKB pharmacogenomic annotations (https://api.pharmgkb.org/; doi:10.1002/cpz1.226) | PharmVar star-allele nomenclature (https://www.pharmvar.org/; doi:10.1002/cpt.910) | FDA drug interaction tables for CYP enzymes and transporters (https://www.fda.gov/drugs/drug-interactions-labeling/drug-development-and-drug-interactions-table-substrates-inhibitors-and-inducers;),https://www.genenames.org/data/gene-symbol-report/#!/hgnc_id/HGNC:2631,1571,ENSG00000130649,P05181,10q26.3,protein-coding gene,gene with protein product,Cytochrome P450 family 2,1001,"Core CYPs emphasized in human carcinogen metabolism, ADME, or pharmacogenomics.",https://storage.googleapis.com/public-download-files/hgnc/tsv/tsv/hgnc_complete_set.txt,2026-04-29T11:48:39.621213+00:00
CYP3A4,cytochrome P450 family 3 subfamily A member 4,HGNC:2637,Phase I,"Cytochrome P450 monooxygenases, ADME/carcinogen core",oxidation; procarcinogen activation and xenobiotic clearance,core,HGNC;XMETDB;BRENDA;CLINPGX;PHARMVAR;FDA_DDI,HGNC gene symbols and gene-family membership (https://www.genenames.org/download/; doi:10.1093/nar/gku1071) | XMetDB xenobiotic biotransformations (https://jcheminf.biomedcentral.com/articles/10.1186/s13321-016-0161-3; doi:10.1186/s13321-016-0161-3) | BRENDA enzyme functional and reaction data (https://www.brenda-enzymes.org/; doi:10.1093/nar/gkaf1113) | ClinPGx/PharmGKB pharmacogenomic annotations (https://api.pharmgkb.org/; doi:10.1002/cpz1.226) | PharmVar star-allele nomenclature (https://www.pharmvar.org/; doi:10.1002/cpt.910) | FDA drug interaction tables for CYP enzymes and transporters (https://www.fda.gov/drugs/drug-interactions-labeling/drug-development-and-drug-interactions-table-substrates-inhibitors-and-inducers;),https://www.genenames.org/data/gene-symbol-report/#!/hgnc_id/HGNC:2637,1576,ENSG00000160868,P08684,7q22.1,protein-coding gene,gene with protein product,Cytochrome P450 family 3,1002,"Core CYPs emphasized in human carcinogen metabolism, ADME, or pharmacogenomics.",https://storage.googleapis.com/public-download-files/hgnc/tsv/tsv/hgnc_complete_set.txt,2026-04-29T11:48:39.621213+00:00
CYP3A5,cytochrome P450 family 3 subfamily A member 5,HGNC:2638,Phase I,"Cytochrome P450 monooxygenases, ADME/carcinogen core",oxidation; procarcinogen activation and xenobiotic clearance,core,HGNC;XMETDB;BRENDA;CLINPGX;PHARMVAR;FDA_DDI,HGNC gene symbols and gene-family membership (https://www.genenames.org/download/; doi:10.1093/nar/gku1071) | XMetDB xenobiotic biotransformations (https://jcheminf.biomedcentral.com/articles/10.1186/s13321-016-0161-3; doi:10.1186/s13321-016-0161-3) | BRENDA enzyme functional and reaction data (https://www.brenda-enzymes.org/; doi:10.1093/nar/gkaf1113) | ClinPGx/PharmGKB pharmacogenomic annotations (https://api.pharmgkb.org/; doi:10.1002/cpz1.226) | PharmVar star-allele nomenclature (https://www.pharmvar.org/; doi:10.1002/cpt.910) | FDA drug interaction tables for CYP enzymes and transporters (https://www.fda.gov/drugs/drug-interactions-labeling/drug-development-and-drug-interactions-table-substrates-inhibitors-and-inducers;),https://www.genenames.org/data/gene-symbol-report/#!/hgnc_id/HGNC:2638,1577,ENSG00000106258,P20815,7q22.1,protein-coding gene,gene with protein product,Cytochrome P450 family 3,1002,"Core CYPs emphasized in human carcinogen metabolism, ADME, or pharmacogenomics.",https://storage.googleapis.com/public-download-files/hgnc/tsv/tsv/hgnc_complete_set.txt,2026-04-29T11:48:39.621213+00:00
CYP4F2,cytochrome P450 family 4 subfamily F member 2,HGNC:2645,Phase I,"Cytochrome P450 monooxygenases, ADME/carcinogen core",oxidation; procarcinogen activation and xenobiotic clearance,core,HGNC;XMETDB;BRENDA;CLINPGX;PHARMVAR;FDA_DDI,HGNC gene symbols and gene-family membership (https://www.genenames.org/download/; doi:10.1093/nar/gku1071) | XMetDB xenobiotic biotransformations (https://jcheminf.biomedcentral.com/articles/10.1186/s13321-016-0161-3; doi:10.1186/s13321-016-0161-3) | BRENDA enzyme functional and reaction data (https://www.brenda-enzymes.org/; doi:10.1093/nar/gkaf1113) | ClinPGx/PharmGKB pharmacogenomic annotations (https://api.pharmgkb.org/; doi:10.1002/cpz1.226) | PharmVar star-allele nomenclature (https://www.pharmvar.org/; doi:10.1002/cpt.910) | FDA drug interaction tables for CYP enzymes and transporters (https://www.fda.gov/drugs/drug-interactions-labeling/drug-development-and-drug-interactions-table-substrates-inhibitors-and-inducers;),https://www.genenames.org/data/gene-symbol-report/#!/hgnc_id/HGNC:2645,8529,ENSG00000186115,P78329,19p13.12,protein-coding gene,gene with protein product,Cytochrome P450 family 4,1003,"Core CYPs emphasized in human carcinogen metabolism, ADME, or pharmacogenomics.",https://storage.googleapis.com/public-download-files/hgnc/tsv/tsv/hgnc_complete_set.txt,2026-04-29T11:48:39.621213+00:00
EPHX1,epoxide hydrolase 1,HGNC:3401,Phase I,Epoxide hydrolases,epoxide hydrolysis; detoxication of simple epoxides and PAH dihydrodiol formation,core,HGNC;XMETDB;BRENDA;CLINPGX,HGNC gene symbols and gene-family membership (https://www.genenames.org/download/; doi:10.1093/nar/gku1071) | XMetDB xenobiotic biotransformations (https://jcheminf.biomedcentral.com/articles/10.1186/s13321-016-0161-3; doi:10.1186/s13321-016-0161-3) | BRENDA enzyme functional and reaction data (https://www.brenda-enzymes.org/; doi:10.1093/nar/gkaf1113) | ClinPGx/PharmGKB pharmacogenomic annotations (https://api.pharmgkb.org/; doi:10.1002/cpz1.226),https://www.genenames.org/data/gene-symbol-report/#!/hgnc_id/HGNC:3401,2052,ENSG00000143819,P07099,1q42.12,protein-coding gene,gene with protein product,Abhydrolase domain containing,4,,https://storage.googleapis.com/public-download-files/hgnc/tsv/tsv/hgnc_complete_set.txt,2026-04-29T11:48:39.621213+00:00
EPHX2,epoxide hydrolase 2,HGNC:3402,Phase I,Epoxide hydrolases,epoxide hydrolysis; detoxication of simple epoxides and PAH dihydrodiol formation,core,HGNC;XMETDB;BRENDA;CLINPGX,HGNC gene symbols and gene-family membership (https://www.genenames.org/download/; doi:10.1093/nar/gku1071) | XMetDB xenobiotic biotransformations (https://jcheminf.biomedcentral.com/articles/10.1186/s13321-016-0161-3; doi:10.1186/s13321-016-0161-3) | BRENDA enzyme functional and reaction data (https://www.brenda-enzymes.org/; doi:10.1093/nar/gkaf1113) | ClinPGx/PharmGKB pharmacogenomic annotations (https://api.pharmgkb.org/; doi:10.1002/cpz1.226),https://www.genenames.org/data/gene-symbol-report/#!/hgnc_id/HGNC:3402,2053,ENSG00000120915,P34913,8p21.2-p21.1,protein-coding gene,gene with protein product,Abhydrolase domain containing|HAD Asp-based non-protein phosphatases,4|1045,,https://storage.googleapis.com/public-download-files/hgnc/tsv/tsv/hgnc_complete_set.txt,2026-04-29T11:48:39.621213+00:00
FMO1,flavin containing dimethylaniline monoxygenase 1,HGNC:3769,Phase I,Flavin-containing monooxygenases,heteroatom oxidation; often detoxication-biased Phase I metabolism,core,HGNC;XMETDB;BRENDA,HGNC gene symbols and gene-family membership (https://www.genenames.org/download/; doi:10.1093/nar/gku1071) | XMetDB xenobiotic biotransformations (https://jcheminf.biomedcentral.com/articles/10.1186/s13321-016-0161-3; doi:10.1186/s13321-016-0161-3) | BRENDA enzyme functional and reaction data (https://www.brenda-enzymes.org/; doi:10.1093/nar/gkaf1113),https://www.genenames.org/data/gene-symbol-report/#!/hgnc_id/HGNC:3769,2326,ENSG00000010932,Q01740,1q24.3,protein-coding gene,gene with protein product,Flavin containing monooxygenases|Flavoproteins,1667|2258,,https://storage.googleapis.com/public-download-files/hgnc/tsv/tsv/hgnc_complete_set.txt,2026-04-29T11:48:39.621213+00:00
FMO2,flavin containing dimethylaniline monoxygenase 2,HGNC:3770,Phase I,Flavin-containing monooxygenases,heteroatom oxidation; often detoxication-biased Phase I metabolism,core,HGNC;XMETDB;BRENDA,HGNC gene symbols and gene-family membership (https://www.genenames.org/download/; doi:10.1093/nar/gku1071) | XMetDB xenobiotic biotransformations (https://jcheminf.biomedcentral.com/articles/10.1186/s13321-016-0161-3; doi:10.1186/s13321-016-0161-3) | BRENDA enzyme functional and reaction data (https://www.brenda-enzymes.org/; doi:10.1093/nar/gkaf1113),https://www.genenames.org/data/gene-symbol-report/#!/hgnc_id/HGNC:3770,2327,ENSG00000094963,Q99518,1q24.3,protein-coding gene,gene with protein product,Flavin containing monooxygenases|Flavoproteins,1667|2258,,https://storage.googleapis.com/public-download-files/hgnc/tsv/tsv/hgnc_complete_set.txt,2026-04-29T11:48:39.621213+00:00
FMO3,flavin containing dimethylaniline monoxygenase 3,HGNC:3771,Phase I,Flavin-containing monooxygenases,heteroatom oxidation; often detoxication-biased Phase I metabolism,core,HGNC;XMETDB;BRENDA,HGNC gene symbols and gene-family membership (https://www.genenames.org/download/; doi:10.1093/nar/gku1071) | XMetDB xenobiotic biotransformations (https://jcheminf.biomedcentral.com/articles/10.1186/s13321-016-0161-3; doi:10.1186/s13321-016-0161-3) | BRENDA enzyme functional and reaction data (https://www.brenda-enzymes.org/; doi:10.1093/nar/gkaf1113),https://www.genenames.org/data/gene-symbol-report/#!/hgnc_id/HGNC:3771,2328,ENSG00000007933,P31513,1q24.3,protein-coding gene,gene with protein product,Flavin containing monooxygenases|MicroRNA protein coding host genes|Flavoproteins,1667|1691|2258,,https://storage.googleapis.com/public-download-files/hgnc/tsv/tsv/hgnc_complete_set.txt,2026-04-29T11:48:39.621213+00:00
FMO4,flavin containing dimethylaniline monoxygenase 4,HGNC:3772,Phase I,Flavin-containing monooxygenases,heteroatom oxidation; often detoxication-biased Phase I metabolism,core,HGNC;XMETDB;BRENDA,HGNC gene symbols and gene-family membership (https://www.genenames.org/download/; doi:10.1093/nar/gku1071) | XMetDB xenobiotic biotransformations (https://jcheminf.biomedcentral.com/articles/10.1186/s13321-016-0161-3; doi:10.1186/s13321-016-0161-3) | BRENDA enzyme functional and reaction data (https://www.brenda-enzymes.org/; doi:10.1093/nar/gkaf1113),https://www.genenames.org/data/gene-symbol-report/#!/hgnc_id/HGNC:3772,2329,ENSG00000076258,P31512,1q24.3,protein-coding gene,gene with protein product,Flavin containing monooxygenases|Flavoproteins,1667|2258,,https://storage.googleapis.com/public-download-files/hgnc/tsv/tsv/hgnc_complete_set.txt,2026-04-29T11:48:39.621213+00:00
FMO5,flavin containing dimethylaniline monoxygenase 5,HGNC:3773,Phase I,Flavin-containing monooxygenases,heteroatom oxidation; often detoxication-biased Phase I metabolism,core,HGNC;XMETDB;BRENDA,HGNC gene symbols and gene-family membership (https://www.genenames.org/download/; doi:10.1093/nar/gku1071) | XMetDB xenobiotic biotransformations (https://jcheminf.biomedcentral.com/articles/10.1186/s13321-016-0161-3; doi:10.1186/s13321-016-0161-3) | BRENDA enzyme functional and reaction data (https://www.brenda-enzymes.org/; doi:10.1093/nar/gkaf1113),https://www.genenames.org/data/gene-symbol-report/#!/hgnc_id/HGNC:3773,2330,ENSG00000131781,P49326,1q21.1,protein-coding gene,gene with protein product,Flavin containing monooxygenases|Flavoproteins,1667|2258,,https://storage.googleapis.com/public-download-files/hgnc/tsv/tsv/hgnc_complete_set.txt,2026-04-29T11:48:39.621213+00:00
FMOD,fibromodulin,HGNC:3774,Phase I,Flavin-containing monooxygenases,heteroatom oxidation; often detoxication-biased Phase I metabolism,core,HGNC;XMETDB;BRENDA,HGNC gene symbols and gene-family membership (https://www.genenames.org/download/; doi:10.1093/nar/gku1071) | XMetDB xenobiotic biotransformations (https://jcheminf.biomedcentral.com/articles/10.1186/s13321-016-0161-3; doi:10.1186/s13321-016-0161-3) | BRENDA enzyme functional and reaction data (https://www.brenda-enzymes.org/; doi:10.1093/nar/gkaf1113),https://www.genenames.org/data/gene-symbol-report/#!/hgnc_id/HGNC:3774,2331,ENSG00000122176,Q06828,1q32.1,protein-coding gene,gene with protein product,Small leucine rich repeat proteoglycans,573,,https://storage.googleapis.com/public-download-files/hgnc/tsv/tsv/hgnc_complete_set.txt,2026-04-29T11:48:39.621213+00:00
MPO,myeloperoxidase,HGNC:7218,Phase I,Inflammation-linked oxidases and peroxidases,peroxidase/co-oxidation routes for local carcinogen activation,core,HGNC;XMETDB;BRENDA,HGNC gene symbols and gene-family membership (https://www.genenames.org/download/; doi:10.1093/nar/gku1071) | XMetDB xenobiotic biotransformations (https://jcheminf.biomedcentral.com/articles/10.1186/s13321-016-0161-3; doi:10.1186/s13321-016-0161-3) | BRENDA enzyme functional and reaction data (https://www.brenda-enzymes.org/; doi:10.1093/nar/gkaf1113),https://www.genenames.org/data/gene-symbol-report/#!/hgnc_id/HGNC:7218,4353,ENSG00000005381,P05164,17q22,protein-coding gene,gene with protein product,Heme peroxidase family,3476,,https://storage.googleapis.com/public-download-files/hgnc/tsv/tsv/hgnc_complete_set.txt,2026-04-29T11:48:39.621213+00:00
PTGS1,prostaglandin-endoperoxide synthase 1,HGNC:9604,Phase I,Inflammation-linked oxidases and peroxidases,peroxidase/co-oxidation routes for local carcinogen activation,core,HGNC;XMETDB;BRENDA,HGNC gene symbols and gene-family membership (https://www.genenames.org/download/; doi:10.1093/nar/gku1071) | XMetDB xenobiotic biotransformations (https://jcheminf.biomedcentral.com/articles/10.1186/s13321-016-0161-3; doi:10.1186/s13321-016-0161-3) | BRENDA enzyme functional and reaction data (https://www.brenda-enzymes.org/; doi:10.1093/nar/gkaf1113),https://www.genenames.org/data/gene-symbol-report/#!/hgnc_id/HGNC:9604,5742,ENSG00000095303,P23219,9q33.2,protein-coding gene,gene with protein product,Prostaglandin-endoperoxide synthase family,3441,,https://storage.googleapis.com/public-download-files/hgnc/tsv/tsv/hgnc_complete_set.txt,2026-04-29T11:48:39.621213+00:00
PTGS2,prostaglandin-endoperoxide synthase 2,HGNC:9605,Phase I,Inflammation-linked oxidases and peroxidases,peroxidase/co-oxidation routes for local carcinogen activation,core,HGNC;XMETDB;BRENDA,HGNC gene symbols and gene-family membership (https://www.genenames.org/download/; doi:10.1093/nar/gku1071) | XMetDB xenobiotic biotransformations (https://jcheminf.biomedcentral.com/articles/10.1186/s13321-016-0161-3; doi:10.1186/s13321-016-0161-3) | BRENDA enzyme functional and reaction data (https://www.brenda-enzymes.org/; doi:10.1093/nar/gkaf1113),https://www.genenames.org/data/gene-symbol-report/#!/hgnc_id/HGNC:9605,5743,ENSG00000073756,P35354,1q31.1,protein-coding gene,gene with protein product,Prostaglandin-endoperoxide synthase family,3441,,https://storage.googleapis.com/public-download-files/hgnc/tsv/tsv/hgnc_complete_set.txt,2026-04-29T11:48:39.621213+00:00
AOX1,aldehyde oxidase 1,HGNC:553,Phase I,Molybdo-flavoenzymes,oxidation and nitroreduction under low-oxygen conditions,core,HGNC;XMETDB;BRENDA,HGNC gene symbols and gene-family membership (https://www.genenames.org/download/; doi:10.1093/nar/gku1071) | XMetDB xenobiotic biotransformations (https://jcheminf.biomedcentral.com/articles/10.1186/s13321-016-0161-3; doi:10.1186/s13321-016-0161-3) | BRENDA enzyme functional and reaction data (https://www.brenda-enzymes.org/; doi:10.1093/nar/gkaf1113),https://www.genenames.org/data/gene-symbol-report/#!/hgnc_id/HGNC:553,316,ENSG00000138356,Q06278,2q33.1,protein-coding gene,gene with protein product,Flavoproteins|Xanthine dehydrogenase/aldehyde oxidase family,2258|3505,,https://storage.googleapis.com/public-download-files/hgnc/tsv/tsv/hgnc_complete_set.txt,2026-04-29T11:48:39.621213+00:00
XDH,xanthine dehydrogenase,HGNC:12805,Phase I,Molybdo-flavoenzymes,oxidation and nitroreduction under low-oxygen conditions,core,HGNC;XMETDB;BRENDA,HGNC gene symbols and gene-family membership (https://www.genenames.org/download/; doi:10.1093/nar/gku1071) | XMetDB xenobiotic biotransformations (https://jcheminf.biomedcentral.com/articles/10.1186/s13321-016-0161-3; doi:10.1186/s13321-016-0161-3) | BRENDA enzyme functional and reaction data (https://www.brenda-enzymes.org/; doi:10.1093/nar/gkaf1113),https://www.genenames.org/data/gene-symbol-report/#!/hgnc_id/HGNC:12805,7498,ENSG00000158125,P47989,2p23.1,protein-coding gene,gene with protein product,Flavoproteins|Xanthine dehydrogenase/aldehyde oxidase family,2258|3505,,https://storage.googleapis.com/public-download-files/hgnc/tsv/tsv/hgnc_complete_set.txt,2026-04-29T11:48:39.621213+00:00
MAOA,monoamine oxidase A,HGNC:6833,Phase I,Monoamine oxidases,oxidative deamination of xenobiotic and endogenous amines,core,HGNC;XMETDB;BRENDA,HGNC gene symbols and gene-family membership (https://www.genenames.org/download/; doi:10.1093/nar/gku1071) | XMetDB xenobiotic biotransformations (https://jcheminf.biomedcentral.com/articles/10.1186/s13321-016-0161-3; doi:10.1186/s13321-016-0161-3) | BRENDA enzyme functional and reaction data (https://www.brenda-enzymes.org/; doi:10.1093/nar/gkaf1113),https://www.genenames.org/data/gene-symbol-report/#!/hgnc_id/HGNC:6833,4128,ENSG00000189221,P21397,Xp11.3,protein-coding gene,gene with protein product,Flavoproteins,2258,,https://storage.googleapis.com/public-download-files/hgnc/tsv/tsv/hgnc_complete_set.txt,2026-04-29T11:48:39.621213+00:00
MAOB,monoamine oxidase B,HGNC:6834,Phase I,Monoamine oxidases,oxidative deamination of xenobiotic and endogenous amines,core,HGNC;XMETDB;BRENDA,HGNC gene symbols and gene-family membership (https://www.genenames.org/download/; doi:10.1093/nar/gku1071) | XMetDB xenobiotic biotransformations (https://jcheminf.biomedcentral.com/articles/10.1186/s13321-016-0161-3; doi:10.1186/s13321-016-0161-3) | BRENDA enzyme functional and reaction data (https://www.brenda-enzymes.org/; doi:10.1093/nar/gkaf1113),https://www.genenames.org/data/gene-symbol-report/#!/hgnc_id/HGNC:6834,4129,ENSG00000069535,P27338,Xp11.3,protein-coding gene,gene with protein product,Flavoproteins,2258,,https://storage.googleapis.com/public-download-files/hgnc/tsv/tsv/hgnc_complete_set.txt,2026-04-29T11:48:39.621213+00:00
